,count,mean,std,min,25%,50%,75%,max,median,mode
size,414.0,6560.224637681159,29412.210095263403,0.0,163.0,475.0,1193.5,310878.0,475.0,0.0
stargazers_count,414.0,234.8647342995169,631.7688232776826,0.0,15.25,63.5,222.25,9842.0,63.5,2.0
watchers_count,414.0,234.8647342995169,631.7688232776826,0.0,15.25,63.5,222.25,9842.0,63.5,2.0
forks_count,414.0,138.6304347826087,366.9535351909786,0.0,14.0,38.0,130.5,4477.0,38.0,5.0
open_issues_count,414.0,5.700483091787439,24.196474834966786,0.0,0.0,0.0,2.0,322.0,0.0,0.0
subscribers_count,414.0,43.44685990338164,225.0575193140659,2.0,16.0,23.0,38.0,4564.0,23.0,21.0
network_count,414.0,138.7463768115942,366.9255566064552,0.0,14.0,38.0,130.5,4477.0,38.0,5.0
total_lines,414.0,246220.44444444444,1465488.9723275262,0.0,4835.25,20653.0,64028.75,17084382.0,20653.0,0.0
