,count,mean,std,min,25%,50%,75%,max,median,mode
size,9311.0,8916.389431854795,47690.93170634116,0.0,64.0,407.0,2554.0,1965261.0,407.0,10
stargazers_count,9311.0,37.42916979916228,191.3035359348303,0.0,2.0,6.0,19.0,9845.0,6.0,1
watchers_count,9311.0,37.42916979916228,191.3035359348303,0.0,2.0,6.0,19.0,9845.0,6.0,1
forks_count,9311.0,30.290301793577488,191.24729333727782,0.0,1.0,4.0,13.0,8306.0,4.0,0
open_issues_count,9311.0,2.9084953281065404,10.183599407241497,0.0,0.0,1.0,2.0,509.0,1.0,0
subscribers_count,9311.0,15.59682096445065,65.75470844506944,0.0,3.0,8.0,17.0,4563.0,8.0,2
network_count,9311.0,36.59725056384921,396.11898521784127,0.0,1.0,4.0,13.0,23215.0,4.0,0
total_lines,9311.0,321574.22124369023,3356086.740129065,0.0,7044.0,23902.0,83975.5,185625162.0,23902.0,0
