,count,mean,std,min,25%,50%,75%,max,median,mode
size,3.0,24595.666666666668,39270.40942406042,30.0,1950.0,3870.0,36878.5,69887.0,3870.0,30
stargazers_count,3.0,325.6666666666667,157.6620859094961,177.0,243.0,309.0,400.0,491.0,309.0,177
watchers_count,3.0,325.6666666666667,157.6620859094961,177.0,243.0,309.0,400.0,491.0,309.0,177
forks_count,3.0,181.0,116.29703349613007,56.0,128.5,201.0,243.5,286.0,201.0,56
open_issues_count,3.0,19.0,23.388031127053,5.0,5.5,6.0,26.0,46.0,6.0,5
subscribers_count,3.0,44.333333333333336,13.868429375143146,29.0,38.5,48.0,52.0,56.0,48.0,29
network_count,3.0,181.0,116.29703349613007,56.0,128.5,201.0,243.5,286.0,201.0,56
total_lines,3.0,410815.6666666667,360355.8440157914,45818.0,233052.0,420286.0,593314.5,766343.0,420286.0,45818
