,count,mean,std,min,25%,50%,75%,max,median,mode
size,71.0,13870.74647887324,40875.044923249516,0.0,111.5,289.0,3267.5,253911.0,289.0,0.0
stargazers_count,71.0,474.83098591549293,1320.954330192656,1.0,10.0,68.0,429.0,9842.0,68.0,2.0
watchers_count,71.0,474.83098591549293,1320.954330192656,1.0,10.0,68.0,429.0,9842.0,68.0,2.0
forks_count,71.0,188.28169014084506,511.69165333092076,0.0,9.0,27.0,142.5,2907.0,27.0,5.0
open_issues_count,71.0,22.690140845070424,53.03007005445005,0.0,0.0,3.0,13.0,322.0,3.0,0.0
subscribers_count,71.0,35.7887323943662,55.622686916390435,2.0,8.5,18.0,36.5,286.0,18.0,8.0
network_count,71.0,188.28169014084506,511.69165333092076,0.0,9.0,27.0,142.5,2907.0,27.0,5.0
total_lines,71.0,252151.57746478874,559229.0410961879,0.0,9815.5,39914.0,191474.0,3355495.0,39914.0,0.0
