,count,mean,std,min,25%,50%,75%,max,median,mode
size,9304.0,8921.43518916595,47708.672551282485,0.0,64.0,407.0,2551.75,1965261.0,407.0,10
stargazers_count,9304.0,37.43712381771281,191.30491860355457,0.0,2.0,6.0,19.0,9842.0,6.0,1
watchers_count,9304.0,37.43712381771281,191.30491860355457,0.0,2.0,6.0,19.0,9842.0,6.0,1
forks_count,9304.0,30.30030094582975,191.26374446340665,0.0,1.0,4.0,13.0,8302.0,4.0,0
subscribers_count,9304.0,15.606620808254513,65.79950281575556,0.0,3.0,8.0,17.0,4563.0,8.0,2
network_count,9304.0,36.60952278589854,396.12511044823134,0.0,1.0,4.0,13.0,23206.0,4.0,0
total_lines,9304.0,321739.06180137576,3357339.7788639325,0.0,7040.5,23894.5,83974.25,185625162.0,23894.5,0
